Workbook

Sheet Applicants_Raw
A1: Student_ID | B1: Name | C1: Department | D1: Standardized_Department | E1: Test_1_Score | F1: Test_2_Score | G1: Test_3_Score | H1: Attendance_% | I1: Application_Date | J1: Internship_Pref | K1: Assignment_Completion_% | L1: Weighted_Score | M1: Eligibility_Status
A2: S001 | B2: Aadhya Jain | C2: CSE | D2: =VLOOKUP(C2, Dept_Lookup!$A$2:$B$17, 2, FALSE) -> Computer Science | E2: 75 | F2: 59 | G2: 65 | H2: 0.77 | I2: 45893 | J2: Company C | K2: 0.9 | L2: =E2*Scoring_Weights!$B$2 + F2*Scoring_Weights!$B$3 + G2*Scoring_Weights!$B$4 -> 64.4 | M2: =IF(AND(H2>=(VLOOKUP(J2,Interview_Slots!$A$2:$D$5,4,FALSE)/100), L2>=VLOOKUP(J2,Interview_Slots!$A$2:$D$5,3,FALSE)), "Eligible", "Not Eligible") -> Eligible
A3: S002 | B3: Myra Chatterjee | C3: Comp Sci | D3: =VLOOKUP(C3, Dept_Lookup!$A$2:$B$17, 2, FALSE) -> Computer Science | E3: 66 | F3: 75 | G3: 70 | H3: 0.86 | I3: 45816 | J3: Company B | K3: 0.82 | L3: =E3*Scoring_Weights!$B$2 + F3*Scoring_Weights!$B$3 + G3*Scoring_Weights!$B$4 -> 71.15 | M3: =IF(AND(H3>=(VLOOKUP(J3,Interview_Slots!$A$2:$D$5,4,FALSE)/100), L3>=VLOOKUP(J3,Interview_Slots!$A$2:$D$5,3,FALSE)), "Eligible", "Not Eligible") -> Eligible
A4: S003 | B4: Diya Gupta | C4: CS | D4: =VLOOKUP(C4, Dept_Lookup!$A$2:$B$17, 2, FALSE) -> Computer Science | E4: 98 | F4: 67 | G4: 82 | H4: 0.91 | I4: 45893 | J4: Company D | K4: 0.79 | L4: =E4*Scoring_Weights!$B$2 + F4*Scoring_Weights!$B$3 + G4*Scoring_Weights!$B$4 -> 79.15 | M4: =IF(AND(H4>=(VLOOKUP(J4,Interview_Slots!$A$2:$D$5,4,FALSE)/100), L4>=VLOOKUP(J4,Interview_Slots!$A$2:$D$5,3,FALSE)), "Eligible", "Not Eligible") -> Eligible
A5: S004 | B5: Sai Agarwal | C5: Computer Science | D5: =VLOOKUP(C5, Dept_Lookup!$A$2:$B$17, 2, FALSE) -> Computer Science | E5: 96 | F5: 69 | G5: 76 | H5: 0.99 | I5: 45865 | J5: Company B | K5: 0.84 | L5: =E5*Scoring_Weights!$B$2 + F5*Scoring_Weights!$B$3 + G5*Scoring_Weights!$B$4 -> 76.55 | M5: =IF(AND(H5>=(VLOOKUP(J5,Interview_Slots!$A$2:$D$5,4,FALSE)/100), L5>=VLOOKUP(J5,Interview_Slots!$A$2:$D$5,3,FALSE)), "Eligible", "Not Eligible") -> Eligible
A6: S005 | B6: Anika Mukherjee | C6: ECE | D6: =VLOOKUP(C6, Dept_Lookup!$A$2:$B$17, 2, FALSE) -> Electronics | E6: 78 | F6: 91 | G6: 96 | H6: 0.81 | I6: 45915 | J6: Company A | K6: 0.73 | L6: =E6*Scoring_Weights!$B$2 + F6*Scoring_Weights!$B$3 + G6*Scoring_Weights!$B$4 -> 91.55 | M6: =IF(AND(H6>=(VLOOKUP(J6,Interview_Slots!$A$2:$D$5,4,FALSE)/100), L6>=VLOOKUP(J6,Interview_Slots!$A$2:$D$5,3,FALSE)), "Eligible", "Not Eligible") -> Eligible
A7: S006 | B7: Krishna Agarwal | C7: Electro | D7: =VLOOKUP(C7, Dept_Lookup!$A$2:$B$17, 2, FALSE) -> Electronics | E7: 80 | F7: 63 | G7: 96 | H7: 0.72 | I7: 45860 | J7: Company D | K7: 0.86 | L7: =E7*Scoring_Weights!$B$2 + F7*Scoring_Weights!$B$3 + G7*Scoring_Weights!$B$4 -> 82.05 | M7: =IF(AND(H7>=(VLOOKUP(J7,Interview_Slots!$A$2:$D$5,4,FALSE)/100), L7>=VLOOKUP(J7,Interview_Slots!$A$2:$D$5,3,FALSE)), "Eligible", "Not Eligible") -> Not Eligible
A8: S007 | B8: Ananya Mishra | C8: ELEC | D8: =VLOOKUP(C8, Dept_Lookup!$A$2:$B$17, 2, FALSE) -> Electronics | E8: 80 | F8: 93 | G8: 85 | H8: 0.78 | I8: 45872 | J8: Company D | K8: 0.94 | L8: =E8*Scoring_Weights!$B$2 + F8*Scoring_Weights!$B$3 + G8*Scoring_Weights!$B$4 -> 87.05 | M8: =IF(AND(H8>=(VLOOKUP(J8,Interview_Slots!$A$2:$D$5,4,FALSE)/100), L8>=VLOOKUP(J8,Interview_Slots!$A$2:$D$5,3,FALSE)), "Eligible", "Not Eligible") -> Not Eligible
A9: S008 | B9: Reyansh Chopra | C9: Electronics | D9: =VLOOKUP(C9, Dept_Lookup!$A$2:$B$17, 2, FALSE) -> Electronics | E9: 91 | F9: 75 | G9: 89 | H9: 0.88 | I9: 45880 | J9: Company C | K9: 0.84 | L9: =E9*Scoring_Weights!$B$2 + F9*Scoring_Weights!$B$3 + G9*Scoring_Weights!$B$4 -> 84.4 | M9: =IF(AND(H9>=(VLOOKUP(J9,Interview_Slots!$A$2:$D$5,4,FALSE)/100), L9>=VLOOKUP(J9,Interview_Slots!$A$2:$D$5,3,FALSE)), "Eligible", "Not Eligible") -> Eligible
A10: S009 | B10: Vihaan Singh | C10: Mech | D10: =VLOOKUP(C10, Dept_Lookup!$A$2:$B$17, 2, FALSE) -> Mechanical | E10: 77 | F10: 90 | G10: 82 | H10: 0.79 | I10: 45874 | J10: Company A | K10: 0.84 | L10: =E10*Scoring_Weights!$B$2 + F10*Scoring_Weights!$B$3 + G10*Scoring_Weights!$B$4 -> 84.05 | M10: =IF(AND(H10>=(VLOOKUP(J10,Interview_Slots!$A$2:$D$5,4,FALSE)/100), L10>=VLOOKUP(J10,Interview_Slots!$A$2:$D$5,3,FALSE)), "Eligible", "Not Eligible") -> Eligible
A11: S010 | B11: Ananya Mukherjee | C11: ME | D11: =VLOOKUP(C11, Dept_Lookup!$A$2:$B$17, 2, FALSE) -> Mechanical | E11: 66 | F11: 73 | G11: 88 | H11: 0.68 | I11: 45877 | J11: Company C | K11: 0.65 | L11: =E11*Scoring_Weights!$B$2 + F11*Scoring_Weights!$B$3 + G11*Scoring_Weights!$B$4 -> 79.45 | M11: =IF(AND(H11>=(VLOOKUP(J11,Interview_Slots!$A$2:$D$5,4,FALSE)/100), L11>=VLOOKUP(J11,Interview_Slots!$A$2:$D$5,3,FALSE)), "Eligible", "Not Eligible") -> Not Eligible
A12: S011 | B12: Ananya Singh | C12: Mechanical Engg | D12: =VLOOKUP(C12, Dept_Lookup!$A$2:$B$17, 2, FALSE) -> Mechanical | E12: 93 | F12: 78 | G12: 62 | H12: 0.85 | I12: 45913 | J12: Company B | K12: 0.96 | L12: =E12*Scoring_Weights!$B$2 + F12*Scoring_Weights!$B$3 + G12*Scoring_Weights!$B$4 -> 72.25 | M12: =IF(AND(H12>=(VLOOKUP(J12,Interview_Slots!$A$2:$D$5,4,FALSE)/100), L12>=VLOOKUP(J12,Interview_Slots!$A$2:$D$5,3,FALSE)), "Eligible", "Not Eligible") -> Eligible
A13: S012 | B13: Ananya Rao | C13: Mechanical | D13: =VLOOKUP(C13, Dept_Lookup!$A$2:$B$17, 2, FALSE) -> Mechanical | E13: 97 | F13: 62 | G13: 91 | H13: 0.94 | I13: 45847 | J13: Company C | K13: 0.77 | L13: =E13*Scoring_Weights!$B$2 + F13*Scoring_Weights!$B$3 + G13*Scoring_Weights!$B$4 -> 81.75 | M13: =IF(AND(H13>=(VLOOKUP(J13,Interview_Slots!$A$2:$D$5,4,FALSE)/100), L13>=VLOOKUP(J13,Interview_Slots!$A$2:$D$5,3,FALSE)), "Eligible", "Not Eligible") -> Eligible
... A464: S463 | B464: Aparajita Das | C464: CIV | D464: =VLOOKUP(C464, Dept_Lookup!$A$2:$B$17, 2, FALSE) -> Civil | E464: 77 | F464: 93 | G464: 76 | H464: 0.79 | I464: 45865 | J464: Company C | K464: 0.73 | L464: =E464*Scoring_Weights!$B$2 + F464*Scoring_Weights!$B$3 + G464*Scoring_Weights!$B$4 -> 82.1 | M464: =IF(AND(H464>=(VLOOKUP(J464,Interview_Slots!$A$2:$D$5,4,FALSE)/100), L464>=VLOOKUP(J464,Interview_Slots!$A$2:$D$5,3,FALSE)), "Eligible", "Not Eligible") -> Eligible

Sheet Allocation
A1: Student_ID | B1: Name | C1: Standardized_Department | D1: Internship_Pref | E1: Weighted_Score | F1: Eligibility_Status | G1: Rank | H1: Allocation_Status
A2: S001 | B2: Aadhya Jain | C2: Computer Science | D2: Company C | E2: 64.4 | F2: Eligible | G2: =IFERROR(__xludf.DUMMYFUNCTION("RANK(E2, FILTER($E$2:$E1000, $D$2:$D1000=D2), 0)"),108.0) -> 108 | H2: =IF(G2<=VLOOKUP(D2, Interview_Slots!$A$2:$B$5, 2, FALSE), "Allocated", "Not Allocated") -> Not Allocated
A3: S002 | B3: Myra Chatterjee | C3: Computer Science | D3: Company B | E3: 71.15 | F3: Eligible | G3: =IFERROR(__xludf.DUMMYFUNCTION("RANK(E3, FILTER($E$2:$E1000, $D$2:$D1000=D3), 0)"),98.0) -> 98 | H3: =IF(G3<=VLOOKUP(D3, Interview_Slots!$A$2:$B$5, 2, FALSE), "Allocated", "Not Allocated") -> Not Allocated
A4: S003 | B4: Diya Gupta | C4: Computer Science | D4: Company D | E4: 79.15 | F4: Eligible | G4: =IFERROR(__xludf.DUMMYFUNCTION("RANK(E4, FILTER($E$2:$E1000, $D$2:$D1000=D4), 0)"),50.0) -> 50 | H4: =IF(G4<=VLOOKUP(D4, Interview_Slots!$A$2:$B$5, 2, FALSE), "Allocated", "Not Allocated") -> Not Allocated
A5: S004 | B5: Sai Agarwal | C5: Computer Science | D5: Company B | E5: 76.55 | F5: Eligible | G5: =IFERROR(__xludf.DUMMYFUNCTION("RANK(E5, FILTER($E$2:$E1000, $D$2:$D1000=D5), 0)"),66.0) -> 66 | H5: =IF(G5<=VLOOKUP(D5, Interview_Slots!$A$2:$B$5, 2, FALSE), "Allocated", "Not Allocated") -> Not Allocated
A6: S005 | B6: Anika Mukherjee | C6: Electronics | D6: Company A | E6: 91.55 | F6: Eligible | G6: =IFERROR(__xludf.DUMMYFUNCTION("RANK(E6, FILTER($E$2:$E1000, $D$2:$D1000=D6), 0)"),2.0) -> 2 | H6: =IF(G6<=VLOOKUP(D6, Interview_Slots!$A$2:$B$5, 2, FALSE), "Allocated", "Not Allocated") -> Allocated
A7: S006 | B7: Krishna Agarwal | C7: Electronics | D7: Company D | E7: 82.05 | F7: Not Eligible | G7: =IFERROR(__xludf.DUMMYFUNCTION("RANK(E7, FILTER($E$2:$E1000, $D$2:$D1000=D7), 0)"),37.0) -> 37 | H7: =IF(G7<=VLOOKUP(D7, Interview_Slots!$A$2:$B$5, 2, FALSE), "Allocated", "Not Allocated") -> Not Allocated
A8: S007 | B8: Ananya Mishra | C8: Electronics | D8: Company D | E8: 87.05 | F8: Not Eligible | G8: =IFERROR(__xludf.DUMMYFUNCTION("RANK(E8, FILTER($E$2:$E1000, $D$2:$D1000=D8), 0)"),17.0) -> 17 | H8: =IF(G8<=VLOOKUP(D8, Interview_Slots!$A$2:$B$5, 2, FALSE), "Allocated", "Not Allocated") -> Allocated
A9: S008 | B9: Reyansh Chopra | C9: Electronics | D9: Company C | E9: 84.4 | F9: Eligible | G9: =IFERROR(__xludf.DUMMYFUNCTION("RANK(E9, FILTER($E$2:$E1000, $D$2:$D1000=D9), 0)"),29.0) -> 29 | H9: =IF(G9<=VLOOKUP(D9, Interview_Slots!$A$2:$B$5, 2, FALSE), "Allocated", "Not Allocated") -> Allocated
A10: S009 | B10: Vihaan Singh | C10: Mechanical | D10: Company A | E10: 84.05 | F10: Eligible | G10: =IFERROR(__xludf.DUMMYFUNCTION("RANK(E10, FILTER($E$2:$E1000, $D$2:$D1000=D10), 0)"),29.0) -> 29 | H10: =IF(G10<=VLOOKUP(D10, Interview_Slots!$A$2:$B$5, 2, FALSE), "Allocated", "Not Allocated") -> Allocated
A11: S010 | B11: Ananya Mukherjee | C11: Mechanical | D11: Company C | E11: 79.45 | F11: Not Eligible | G11: =IFERROR(__xludf.DUMMYFUNCTION("RANK(E11, FILTER($E$2:$E1000, $D$2:$D1000=D11), 0)"),53.0) -> 53 | H11: =IF(G11<=VLOOKUP(D11, Interview_Slots!$A$2:$B$5, 2, FALSE), "Allocated", "Not Allocated") -> Allocated
A12: S011 | B12: Ananya Singh | C12: Mechanical | D12: Company B | E12: 72.25 | F12: Eligible | G12: =IFERROR(__xludf.DUMMYFUNCTION("RANK(E12, FILTER($E$2:$E1000, $D$2:$D1000=D12), 0)"),92.0) -> 92 | H12: =IF(G12<=VLOOKUP(D12, Interview_Slots!$A$2:$B$5, 2, FALSE), "Allocated", "Not Allocated") -> Not Allocated
A13: S012 | B13: Ananya Rao | C13: Mechanical | D13: Company C | E13: 81.75 | F13: Eligible | G13: =IFERROR(__xludf.DUMMYFUNCTION("RANK(E13, FILTER($E$2:$E1000, $D$2:$D1000=D13), 0)"),41.0) -> 41 | H13: =IF(G13<=VLOOKUP(D13, Interview_Slots!$A$2:$B$5, 2, FALSE), "Allocated", "Not Allocated") -> Allocated
A14: S013 | B14: Aarohi Jain | C14: Civil | D14: Company A | E14: 77.4 | F14: Not Eligible | G14: =IFERROR(__xludf.DUMMYFUNCTION("RANK(E14, FILTER($E$2:$E1000, $D$2:$D1000=D14), 0)"),54.0) -> 54 | H14: =IF(G14<=VLOOKUP(D14, Interview_Slots!$A$2:$B$5, 2, FALSE), "Allocated", "Not Allocated") -> Allocated
A15: S014 | B15: Navya Menon | C15: Civil | D15: Company C | E15: 78.85 | F15: Eligible | G15: =IFERROR(__xludf.DUMMYFUNCTION("RANK(E15, FILTER($E$2:$E1000, $D$2:$D1000=D15), 0)"),57.0) -> 57 | H15: =IF(G15<=VLOOKUP(D15, Interview_Slots!$A$2:$B$5, 2, FALSE), "Allocated", "Not Allocated") -> Allocated
A16: S015 | B16: Aarav Sharma | C16: Civil | D16: Company B | E16: 82.95 | F16: Not Eligible | G16: =IFERROR(__xludf.DUMMYFUNCTION("RANK(E16, FILTER($E$2:$E1000, $D$2:$D1000=D16), 0)"),24.0) -> 24 | H16: =IF(G16<=VLOOKUP(D16, Interview_Slots!$A$2:$B$5, 2, FALSE), "Allocated", "Not Allocated") -> Allocated
A17: S016 | B17: Rohan Mehta | C17: Civil | D17: Company B | E17: 80.35 | F17: Eligible | G17: =IFERROR(__xludf.DUMMYFUNCTION("RANK(E17, FILTER($E$2:$E1000, $D$2:$D1000=D17), 0)"),44.0) -> 44 | H17: =IF(G17<=VLOOKUP(D17, Interview_Slots!$A$2:$B$5, 2, FALSE), "Allocated", "Not Allocated") -> Allocated
A18: S017 | B18: Kabir Iyer | C18: Computer Science | D18: Company B | E18: 73.65 | F18: Not Eligible | G18: =IFERROR(__xludf.DUMMYFUNCTION("RANK(E18, FILTER($E$2:$E1000, $D$2:$D1000=D18), 0)"),85.0) -> 85 | H18: =IF(G18<=VLOOKUP(D18, Interview_Slots!$A$2:$B$5, 2, FALSE), "Allocated", "Not Allocated") -> Not Allocated
A19: S018 | B19: Vihaan Reddy | C19: Computer Science | D19: Company D | E19: 82.3 | F19: Not Eligible | G19: =IFERROR(__xludf.DUMMYFUNCTION("RANK(E19, FILTER($E$2:$E1000, $D$2:$D1000=D19), 0)"),36.0) -> 36 | H19: =IF(G19<=VLOOKUP(D19, Interview_Slots!$A$2:$B$5, 2, FALSE), "Allocated", "Not Allocated") -> Not Allocated
A20: S019 | B20: Sameer Deshmukh | C20: Computer Science | D20: Company D | E20: 69.8 | F20: Not Eligible | G20: =IFERROR(__xludf.DUMMYFUNCTION("RANK(E20, FILTER($E$2:$E1000, $D$2:$D1000=D20), 0)"),98.0) -> 98 | H20: =IF(G20<=VLOOKUP(D20, Interview_Slots!$A$2:$B$5, 2, FALSE), "Allocated", "Not Allocated") -> Not Allocated
A21: S020 | B21: Rajesh Nair | C21: Computer Science | D21: Company D | E21: 73.25 | F21: Not Eligible | G21: =IFERROR(__xludf.DUMMYFUNCTION("RANK(E21, FILTER($E$2:$E1000, $D$2:$D1000=D21), 0)"),81.0) -> 81 | H21: =IF(G21<=VLOOKUP(D21, Interview_Slots!$A$2:$B$5, 2, FALSE), "Allocated", "Not Allocated") -> Not Allocated
A22: S021 | B22: Anil Verma | C22: Electronics | D22: Company C | E22: 81.8 | F22: Eligible | G22: =IFERROR(__xludf.DUMMYFUNCTION("RANK(E22, FILTER($E$2:$E1000, $D$2:$D1000=D22), 0)"),39.0) -> 39 | H22: =IF(G22<=VLOOKUP(D22, Interview_Slots!$A$2:$B$5, 2, FALSE), "Allocated", "Not Allocated") -> Allocated
A23: S022 | B23: Devendra Patel | C23: Electronics | D23: Company A | E23: 86.7 | F23: Eligible | G23: =IFERROR(__xludf.DUMMYFUNCTION("RANK(E23, FILTER($E$2:$E1000, $D$2:$D1000=D23), 0)"),16.0) -> 16 | H23: =IF(G23<=VLOOKUP(D23, Interview_Slots!$A$2:$B$5, 2, FALSE), "Allocated", "Not Allocated") -> Allocated
A24: S023 | B24: Manish Gupta | C24: Electronics | D24: Company C | E24: 77.45 | F24: Eligible | G24: =IFERROR(__xludf.DUMMYFUNCTION("RANK(E24, FILTER($E$2:$E1000, $D$2:$D1000=D24), 0)"),62.0) -> 62 | H24: =IF(G24<=VLOOKUP(D24, Interview_Slots!$A$2:$B$5, 2, FALSE), "Allocated", "Not Allocated") -> Allocated
A25: S024 | B25: Harsh Malhotra | C25: Electronics | D25: Company B | E25: 82.25 | F25: Eligible | G25: =IFERROR(__xludf.DUMMYFUNCTION("RANK(E25, FILTER($E$2:$E1000, $D$2:$D1000=D25), 0)"),28.0) -> 28 | H25: =IF(G25<=VLOOKUP(D25, Interview_Slots!$A$2:$B$5, 2, FALSE), "Allocated", "Not Allocated") -> Allocated
A26: S025 | B26: Pranav Kulkarni | C26: Mechanical | D26: Company A | E26: 83.5 | F26: Eligible | G26: =IFERROR(__xludf.DUMMYFUNCTION("RANK(E26, FILTER($E$2:$E1000, $D$2:$D1000=D26), 0)"),32.0) -> 32 | H26: =IF(G26<=VLOOKUP(D26, Interview_Slots!$A$2:$B$5, 2, FALSE), "Allocated", "Not Allocated") -> Allocated
A27: S026 | B27: Karan Singh | C27: Mechanical | D27: Company A | E27: 78.9 | F27: Eligible | G27: =IFERROR(__xludf.DUMMYFUNCTION("RANK(E27, FILTER($E$2:$E1000, $D$2:$D1000=D27), 0)"),46.0) -> 46 | H27: =IF(G27<=VLOOKUP(D27, Interview_Slots!$A$2:$B$5, 2, FALSE), "Allocated", "Not Allocated") -> Allocated
A28: S027 | B28: Suresh Bhatia | C28: Mechanical | D28: Company C | E28: 64.55 | F28: Eligible | G28: =IFERROR(__xludf.DUMMYFUNCTION("RANK(E28, FILTER($E$2:$E1000, $D$2:$D1000=D28), 0)"),107.0) -> 107 | H28: =IF(G28<=VLOOKUP(D28, Interview_Slots!$A$2:$B$5, 2, FALSE), "Allocated", "Not Allocated") -> Not Allocated
A29: S028 | B29: Aditya Choudhury | C29: Mechanical | D29: Company B | E29: 86.65 | F29: Eligible | G29: =IFERROR(__xludf.DUMMYFUNCTION("RANK(E29, FILTER($E$2:$E1000, $D$2:$D1000=D29), 0)"),15.0) -> 15 | H29: =IF(G29<=VLOOKUP(D29, Interview_Slots!$A$2:$B$5, 2, FALSE), "Allocated", "Not Allocated") -> Allocated
A30: S029 | B30: Sanjay Kapoor | C30: Civil | D30: Company B | E30: 86.15 | F30: Not Eligible | G30: =IFERROR(__xludf.DUMMYFUNCTION("RANK(E30, FILTER($E$2:$E1000, $D$2:$D1000=D30), 0)"),17.0) -> 17 | H30: =IF(G30<=VLOOKUP(D30, Interview_Slots!$A$2:$B$5, 2, FALSE), "Allocated", "Not Allocated") -> Allocated
A31: S030 | B31: Naveen Menon | C31: Civil | D31: Company B | E31: 89.4 | F31: Eligible | G31: =IFERROR(__xludf.DUMMYFUNCTION("RANK(E31, FILTER($E$2:$E1000, $D$2:$D1000=D31), 0)"),9.0) -> 9 | H31: =IF(G31<=VLOOKUP(D31, Interview_Slots!$A$2:$B$5, 2, FALSE), "Allocated", "Not Allocated") -> Allocated
A32: S031 | B32: Gopal Das | C32: Civil | D32: Company D | E32: 84 | F32: Eligible | G32: =IFERROR(__xludf.DUMMYFUNCTION("RANK(E32, FILTER($E$2:$E1000, $D$2:$D1000=D32), 0)"),28.0) -> 28 | H32: =IF(G32<=VLOOKUP(D32, Interview_Slots!$A$2:$B$5, 2, FALSE), "Allocated", "Not Allocated") -> Allocated
A33: S032 | B33: Abhishek Joshi | C33: Computer Science | D33: Company D | E33: 87.8 | F33: Eligible | G33: =IFERROR(__xludf.DUMMYFUNCTION("RANK(E33, FILTER($E$2:$E1000, $D$2:$D1000=D33), 0)"),12.0) -> 12 | H33: =IF(G33<=VLOOKUP(D33, Interview_Slots!$A$2:$B$5, 2, FALSE), "Allocated", "Not Allocated") -> Allocated
A34: S033 | B34: Siddharth Rao | C34: Computer Science | D34: Company D | E34: 77.75 | F34: Eligible | G34: =IFERROR(__xludf.DUMMYFUNCTION("RANK(E34, FILTER($E$2:$E1000, $D$2:$D1000=D34), 0)"),58.0) -> 58 | H34: =IF(G34<=VLOOKUP(D34, Interview_Slots!$A$2:$B$5, 2, FALSE), "Allocated", "Not Allocated") -> Not Allocated
A35: S034 | B35: Vikram Shetty | C35: Computer Science | D35: Company C | E35: 81.25 | F35: Eligible | G35: =IFERROR(__xludf.DUMMYFUNCTION("RANK(E35, FILTER($E$2:$E1000, $D$2:$D1000=D35), 0)"),44.0) -> 44 | H35: =IF(G35<=VLOOKUP(D35, Interview_Slots!$A$2:$B$5, 2, FALSE), "Allocated", "Not Allocated") -> Allocated
A36: S035 | B36: Aisha Khan | C36: Computer Science | D36: Company A | E36: 87.2 | F36: Eligible | G36: =IFERROR(__xludf.DUMMYFUNCTION("RANK(E36, FILTER($E$2:$E1000, $D$2:$D1000=D36), 0)"),14.0) -> 14 | H36: =IF(G36<=VLOOKUP(D36, Interview_Slots!$A$2:$B$5, 2, FALSE), "Allocated", "Not Allocated") -> Allocated
A37: S036 | B37: Priya Sharma | C37: Electronics | D37: Company C | E37: 81.2 | F37: Eligible | G37: =IFERROR(__xludf.DUMMYFUNCTION("RANK(E37, FILTER($E$2:$E1000, $D$2:$D1000=D37), 0)"),45.0) -> 45 | H37: =IF(G37<=VLOOKUP(D37, Interview_Slots!$A$2:$B$5, 2, FALSE), "Allocated", "Not Allocated") -> Allocated
A38: S037 | B38: Ananya Reddy | C38: Electronics | D38: Company B | E38: 72.6 | F38: Eligible | G38: =IFERROR(__xludf.DUMMYFUNCTION("RANK(E38, FILTER($E$2:$E1000, $D$2:$D1000=D38), 0)"),90.0) -> 90 | H38: =IF(G38<=VLOOKUP(D38, Interview_Slots!$A$2:$B$5, 2, FALSE), "Allocated", "Not Allocated") -> Not Allocated
A39: S038 | B39: Lakshmi Nair | C39: Electronics | D39: Company A | E39: 67.95 | F39: Eligible | G39: =IFERROR(__xludf.DUMMYFUNCTION("RANK(E39, FILTER($E$2:$E1000, $D$2:$D1000=D39), 0)"),96.0) -> 96 | H39: =IF(G39<=VLOOKUP(D39, Interview_Slots!$A$2:$B$5, 2, FALSE), "Allocated", "Not Allocated") -> Not Allocated
A40: S039 | B40: Kavya Iyer | C40: Electronics | D40: Company A | E40: 83.05 | F40: Eligible | G40: =IFERROR(__xludf.DUMMYFUNCTION("RANK(E40, FILTER($E$2:$E1000, $D$2:$D1000=D40), 0)"),35.0) -> 35 | H40: =IF(G40<=VLOOKUP(D40, Interview_Slots!$A$2:$B$5, 2, FALSE), "Allocated", "Not Allocated") -> Allocated
A41: S040 | B41: Ritu Mehta | C41: Mechanical | D41: Company A | E41: 90.1 | F41: Eligible | G41: =IFERROR(__xludf.DUMMYFUNCTION("RANK(E41, FILTER($E$2:$E1000, $D$2:$D1000=D41), 0)"),7.0) -> 7 | H41: =IF(G41<=VLOOKUP(D41, Interview_Slots!$A$2:$B$5, 2, FALSE), "Allocated", "Not Allocated") -> Allocated
A42: S041 | B42: Sita Das | C42: Mechanical | D42: Company B | E42: 78.6 | F42: Not Eligible | G42: =IFERROR(__xludf.DUMMYFUNCTION("RANK(E42, FILTER($E$2:$E1000, $D$2:$D1000=D42), 0)"),54.0) -> 54 | H42: =IF(G42<=VLOOKUP(D42, Interview_Slots!$A$2:$B$5, 2, FALSE), "Allocated", "Not Allocated") -> Not Allocated
A43: S042 | B43: Meera Verma | C43: Mechanical | D43: Company B | E43: 74.5 | F43: Not Eligible | G43: =IFERROR(__xludf.DUMMYFUNCTION("RANK(E43, FILTER($E$2:$E1000, $D$2:$D1000=D43), 0)"),78.0) -> 78 | H43: =IF(G43<=VLOOKUP(D43, Interview_Slots!$A$2:$B$5, 2, FALSE), "Allocated", "Not Allocated") -> Not Allocated
A44: S043 | B44: Pooja Malhotra | C44: Mechanical | D44: Company B | E44: 63.4 | F44: Not Eligible | G44: =IFERROR(__xludf.DUMMYFUNCTION("RANK(E44, FILTER($E$2:$E1000, $D$2:$D1000=D44), 0)"),133.0) -> 133 | H44: =IF(G44<=VLOOKUP(D44, Interview_Slots!$A$2:$B$5, 2, FALSE), "Allocated", "Not Allocated") -> Not Allocated
A45: S044 | B45: Deepika Gupta | C45: Civil | D45: Company D | E45: 76.15 | F45: Not Eligible | G45: =IFERROR(__xludf.DUMMYFUNCTION("RANK(E45, FILTER($E$2:$E1000, $D$2:$D1000=D45), 0)"),68.0) -> 68 | H45: =IF(G45<=VLOOKUP(D45, Interview_Slots!$A$2:$B$5, 2, FALSE), "Allocated", "Not Allocated") -> Not Allocated
A46: S045 | B46: Shreya Choudhury | C46: Civil | D46: Company D | E46: 78.4 | F46: Eligible | G46: =IFERROR(__xludf.DUMMYFUNCTION("RANK(E46, FILTER($E$2:$E1000, $D$2:$D1000=D46), 0)"),54.0) -> 54 | H46: =IF(G46<=VLOOKUP(D46, Interview_Slots!$A$2:$B$5, 2, FALSE), "Allocated", "Not Allocated") -> Not Allocated
A47: S046 | B47: Radha Kulkarni | C47: Civil | D47: Company D | E47: 75.25 | F47: Eligible | G47: =IFERROR(__xludf.DUMMYFUNCTION("RANK(E47, FILTER($E$2:$E1000, $D$2:$D1000=D47), 0)"),73.0) -> 73 | H47: =IF(G47<=VLOOKUP(D47, Interview_Slots!$A$2:$B$5, 2, FALSE), "Allocated", "Not Allocated") -> Not Allocated
A48: S047 | B48: Sneha Patel | C48: Civil | D48: Company C | E48: 75.9 | F48: Eligible | G48: =IFERROR(__xludf.DUMMYFUNCTION("RANK(E48, FILTER($E$2:$E1000, $D$2:$D1000=D48), 0)"),76.0) -> 76 | H48: =IF(G48<=VLOOKUP(D48, Interview_Slots!$A$2:$B$5, 2, FALSE), "Allocated", "Not Allocated") -> Allocated
A49: S048 | B49: Neha Menon | C49: Computer Science | D49: Company A | E49: 72.5 | F49: Eligible | G49: =IFERROR(__xludf.DUMMYFUNCTION("RANK(E49, FILTER($E$2:$E1000, $D$2:$D1000=D49), 0)"),77.0) -> 77 | H49: =IF(G49<=VLOOKUP(D49, Interview_Slots!$A$2:$B$5, 2, FALSE), "Allocated", "Not Allocated") -> Not Allocated
A50: S049 | B50: Divya Kapoor | C50: Computer Science | D50: Company C | E50: 90.15 | F50: Eligible | G50: =IFERROR(__xludf.DUMMYFUNCTION("RANK(E50, FILTER($E$2:$E1000, $D$2:$D1000=D50), 0)"),8.0) -> 8 | H50: =IF(G50<=VLOOKUP(D50, Interview_Slots!$A$2:$B$5, 2, FALSE), "Allocated", "Not Allocated") -> Allocated
A51: S050 | B51: Nandini Shetty | C51: Computer Science | D51: Company B | E51: 80.85 | F51: Eligible | G51: =IFERROR(__xludf.DUMMYFUNCTION("RANK(E51, FILTER($E$2:$E1000, $D$2:$D1000=D51), 0)"),37.0) -> 37 | H51: =IF(G51<=VLOOKUP(D51, Interview_Slots!$A$2:$B$5, 2, FALSE), "Allocated", "Not Allocated") -> Allocated
A52: S051 | B52: Sunita Singh | C52: Computer Science | D52: Company A | E52: 91.9 | F52: Eligible | G52: =IFERROR(__xludf.DUMMYFUNCTION("RANK(E52, FILTER($E$2:$E1000, $D$2:$D1000=D52), 0)"),1.0) -> 1 | H52: =IF(G52<=VLOOKUP(D52, Interview_Slots!$A$2:$B$5, 2, FALSE), "Allocated", "Not Allocated") -> Allocated
A53: S052 | B53: Ishita Bhatia | C53: Electronics | D53: Company A | E53: 78.3 | F53: Eligible | G53: =IFERROR(__xludf.DUMMYFUNCTION("RANK(E53, FILTER($E$2:$E1000, $D$2:$D1000=D53), 0)"),49.0) -> 49 | H53: =IF(G53<=VLOOKUP(D53, Interview_Slots!$A$2:$B$5, 2, FALSE), "Allocated", "Not Allocated") -> Allocated
A54: S053 | B54: Alka Joshi | C54: Electronics | D54: Company C | E54: 77.05 | F54: Eligible | G54: =IFERROR(__xludf.DUMMYFUNCTION("RANK(E54, FILTER($E$2:$E1000, $D$2:$D1000=D54), 0)"),67.0) -> 67 | H54: =IF(G54<=VLOOKUP(D54, Interview_Slots!$A$2:$B$5, 2, FALSE), "Allocated", "Not Allocated") -> Allocated
A55: S054 | B55: Jaya Rao | C55: Electronics | D55: Company B | E55: 80.85 | F55: Not Eligible | G55: =IFERROR(__xludf.DUMMYFUNCTION("RANK(E55, FILTER($E$2:$E1000, $D$2:$D1000=D55), 0)"),37.0) -> 37 | H55: =IF(G55<=VLOOKUP(D55, Interview_Slots!$A$2:$B$5, 2, FALSE), "Allocated", "Not Allocated") -> Allocated
A56: S055 | B56: Krishna Sharma | C56: Electronics | D56: Company B | E56: 65.9 | F56: Not Eligible | G56: =IFERROR(__xludf.DUMMYFUNCTION("RANK(E56, FILTER($E$2:$E1000, $D$2:$D1000=D56), 0)"),123.0) -> 123 | H56: =IF(G56<=VLOOKUP(D56, Interview_Slots!$A$2:$B$5, 2, FALSE), "Allocated", "Not Allocated") -> Not Allocated
A57: S056 | B57: Arya Kapoor | C57: Mechanical | D57: Company B | E57: 69.75 | F57: Not Eligible | G57: =IFERROR(__xludf.DUMMYFUNCTION("RANK(E57, FILTER($E$2:$E1000, $D$2:$D1000=D57), 0)"),104.0) -> 104 | H57: =IF(G57<=VLOOKUP(D57, Interview_Slots!$A$2:$B$5, 2, FALSE), "Allocated", "Not Allocated") -> Not Allocated
A58: S057 | B58: Kiran Menon | C58: Mechanical | D58: Company D | E58: 81.15 | F58: Eligible | G58: =IFERROR(__xludf.DUMMYFUNCTION("RANK(E58, FILTER($E$2:$E1000, $D$2:$D1000=D58), 0)"),42.0) -> 42 | H58: =IF(G58<=VLOOKUP(D58, Interview_Slots!$A$2:$B$5, 2, FALSE), "Allocated", "Not Allocated") -> Not Allocated
A59: S058 | B59: Surya Patel | C59: Mechanical | D59: Company D | E59: 75.85 | F59: Not Eligible | G59: =IFERROR(__xludf.DUMMYFUNCTION("RANK(E59, FILTER($E$2:$E1000, $D$2:$D1000=D59), 0)"),70.0) -> 70 | H59: =IF(G59<=VLOOKUP(D59, Interview_Slots!$A$2:$B$5, 2, FALSE), "Allocated", "Not Allocated") -> Not Allocated
A60: S059 | B60: Chaitanya Rao | C60: Mechanical | D60: Company D | E60: 85.25 | F60: Not Eligible | G60: =IFERROR(__xludf.DUMMYFUNCTION("RANK(E60, FILTER($E$2:$E1000, $D$2:$D1000=D60), 0)"),24.0) -> 24 | H60: =IF(G60<=VLOOKUP(D60, Interview_Slots!$A$2:$B$5, 2, FALSE), "Allocated", "Not Allocated") -> Allocated
A61: S060 | B61: Gauri Nair | C61: Civil | D61: Company C | E61: 76 | F61: Eligible | G61: =IFERROR(__xludf.DUMMYFUNCTION("RANK(E61, FILTER($E$2:$E1000, $D$2:$D1000=D61), 0)"),74.0) -> 74 | H61: =IF(G61<=VLOOKUP(D61, Interview_Slots!$A$2:$B$5, 2, FALSE), "Allocated", "Not Allocated") -> Allocated
A62: S061 | B62: Anmol Gupta | C62: Civil | D62: Company A | E62: 64.95 | F62: Not Eligible | G62: =IFERROR(__xludf.DUMMYFUNCTION("RANK(E62, FILTER($E$2:$E1000, $D$2:$D1000=D62), 0)"),103.0) -> 103 | H62: =IF(G62<=VLOOKUP(D62, Interview_Slots!$A$2:$B$5, 2, FALSE), "Allocated", "Not Allocated") -> Not Allocated
A63: S062 | B63: Harini Iyer | C63: Civil | D63: Company C | E63: 72.85 | F63: Eligible | G63: =IFERROR(__xludf.DUMMYFUNCTION("RANK(E63, FILTER($E$2:$E1000, $D$2:$D1000=D63), 0)"),88.0) -> 88 | H63: =IF(G63<=VLOOKUP(D63, Interview_Slots!$A$2:$B$5, 2, FALSE), "Allocated", "Not Allocated") -> Not Allocated
A64: S063 | B64: Tanmay Kulkarni | C64: Computer Science | D64: Company D | E64: 89.75 | F64: Eligible | G64: =IFERROR(__xludf.DUMMYFUNCTION("RANK(E64, FILTER($E$2:$E1000, $D$2:$D1000=D64), 0)"),8.0) -> 8 | H64: =IF(G64<=VLOOKUP(D64, Interview_Slots!$A$2:$B$5, 2, FALSE), "Allocated", "Not Allocated") -> Allocated
A65: S064 | B65: Tejas Malhotra | C65: Computer Science | D65: Company A | E65: 83.65 | F65: Eligible | G65: =IFERROR(__xludf.DUMMYFUNCTION("RANK(E65, FILTER($E$2:$E1000, $D$2:$D1000=D65), 0)"),31.0) -> 31 | H65: =IF(G65<=VLOOKUP(D65, Interview_Slots!$A$2:$B$5, 2, FALSE), "Allocated", "Not Allocated") -> Allocated
A66: S065 | B66: Arvind Sharma | C66: Computer Science | D66: Company A | E66: 87.6 | F66: Eligible | G66: =IFERROR(__xludf.DUMMYFUNCTION("RANK(E66, FILTER($E$2:$E1000, $D$2:$D1000=D66), 0)"),12.0) -> 12 | H66: =IF(G66<=VLOOKUP(D66, Interview_Slots!$A$2:$B$5, 2, FALSE), "Allocated", "Not Allocated") -> Allocated
A67: S066 | B67: Rahul Mehta | C67: Computer Science | D67: Company C | E67: 77.3 | F67: Eligible | G67: =IFERROR(__xludf.DUMMYFUNCTION("RANK(E67, FILTER($E$2:$E1000, $D$2:$D1000=D67), 0)"),63.0) -> 63 | H67: =IF(G67<=VLOOKUP(D67, Interview_Slots!$A$2:$B$5, 2, FALSE), "Allocated", "Not Allocated") -> Allocated
A68: S067 | B68: Nikhil Reddy | C68: Electronics | D68: Company B | E68: 70.8 | F68: Eligible | G68: =IFERROR(__xludf.DUMMYFUNCTION("RANK(E68, FILTER($E$2:$E1000, $D$2:$D1000=D68), 0)"),100.0) -> 100 | H68: =IF(G68<=VLOOKUP(D68, Interview_Slots!$A$2:$B$5, 2, FALSE), "Allocated", "Not Allocated") -> Not Allocated
A69: S068 | B69: Mohan Iyer | C69: Electronics | D69: Company B | E69: 66.15 | F69: Not Eligible | G69: =IFERROR(__xludf.DUMMYFUNCTION("RANK(E69, FILTER($E$2:$E1000, $D$2:$D1000=D69), 0)"),122.0) -> 122 | H69: =IF(G69<=VLOOKUP(D69, Interview_Slots!$A$2:$B$5, 2, FALSE), "Allocated", "Not Allocated") -> Not Allocated
A70: S069 | B70: Ajay Menon | C70: Electronics | D70: Company B | E70: 80.1 | F70: Eligible | G70: =IFERROR(__xludf.DUMMYFUNCTION("RANK(E70, FILTER($E$2:$E1000, $D$2:$D1000=D70), 0)"),46.0) -> 46 | H70: =IF(G70<=VLOOKUP(D70, Interview_Slots!$A$2:$B$5, 2, FALSE), "Allocated", "Not Allocated") -> Not Allocated
A71: S070 | B71: Vikas Kapoor | C71: Electronics | D71: Company D | E71: 70.9 | F71: Not Eligible | G71: =IFERROR(__xludf.DUMMYFUNCTION("RANK(E71, FILTER($E$2:$E1000, $D$2:$D1000=D71), 0)"),92.0) -> 92 | H71: =IF(G71<=VLOOKUP(D71, Interview_Slots!$A$2:$B$5, 2, FALSE), "Allocated", "Not Allocated") -> Not Allocated
A72: S071 | B72: Ashok Nair | C72: Mechanical | D72: Company D | E72: 73.5 | F72: Not Eligible | G72: =IFERROR(__xludf.DUMMYFUNCTION("RANK(E72, FILTER($E$2:$E1000, $D$2:$D1000=D72), 0)"),78.0) -> 78 | H72: =IF(G72<=VLOOKUP(D72, Interview_Slots!$A$2:$B$5, 2, FALSE), "Allocated", "Not Allocated") -> Not Allocated
A73: S072 | B73: Rohit Singh | C73: Mechanical | D73: Company D | E73: 93.15 | F73: Not Eligible | G73: =IFERROR(__xludf.DUMMYFUNCTION("RANK(E73, FILTER($E$2:$E1000, $D$2:$D1000=D73), 0)"),1.0) -> 1 | H73: =IF(G73<=VLOOKUP(D73, Interview_Slots!$A$2:$B$5, 2, FALSE), "Allocated", "Not Allocated") -> Allocated
A74: S073 | B74: Tarun Bhatia | C74: Mechanical | D74: Company C | E74: 88.8 | F74: Eligible | G74: =IFERROR(__xludf.DUMMYFUNCTION("RANK(E74, FILTER($E$2:$E1000, $D$2:$D1000=D74), 0)"),11.0) -> 11 | H74: =IF(G74<=VLOOKUP(D74, Interview_Slots!$A$2:$B$5, 2, FALSE), "Allocated", "Not Allocated") -> Allocated
A75: S074 | B75: Amit Choudhury | C75: Mechanical | D75: Company A | E75: 74.15 | F75: Eligible | G75: =IFERROR(__xludf.DUMMYFUNCTION("RANK(E75, FILTER($E$2:$E1000, $D$2:$D1000=D75), 0)"),64.0) -> 64 | H75: =IF(G75<=VLOOKUP(D75, Interview_Slots!$A$2:$B$5, 2, FALSE), "Allocated", "Not Allocated") -> Not Allocated
A76: S075 | B76: Sandeep Joshi | C76: Civil | D76: Company C | E76: 82.1 | F76: Eligible | G76: =IFERROR(__xludf.DUMMYFUNCTION("RANK(E76, FILTER($E$2:$E1000, $D$2:$D1000=D76), 0)"),37.0) -> 37 | H76: =IF(G76<=VLOOKUP(D76, Interview_Slots!$A$2:$B$5, 2, FALSE), "Allocated", "Not Allocated") -> Allocated
A77: S076 | B77: Vinod Malhotra | C77: Civil | D77: Company B | E77: 66.7 | F77: Not Eligible | G77: =IFERROR(__xludf.DUMMYFUNCTION("RANK(E77, FILTER($E$2:$E1000, $D$2:$D1000=D77), 0)"),121.0) -> 121 | H77: =IF(G77<=VLOOKUP(D77, Interview_Slots!$A$2:$B$5, 2, FALSE), "Allocated", "Not Allocated") -> Not Allocated
A78: S077 | B78: Deepak Verma | C78: Civil | D78: Company A | E78: 83.5 | F78: Eligible | G78: =IFERROR(__xludf.DUMMYFUNCTION("RANK(E78, FILTER($E$2:$E1000, $D$2:$D1000=D78), 0)"),32.0) -> 32 | H78: =IF(G78<=VLOOKUP(D78, Interview_Slots!$A$2:$B$5, 2, FALSE), "Allocated", "Not Allocated") -> Allocated
A79: S078 | B79: Kunal Das | C79: Civil | D79: Company A | E79: 70.3 | F79: Eligible | G79: =IFERROR(__xludf.DUMMYFUNCTION("RANK(E79, FILTER($E$2:$E1000, $D$2:$D1000=D79), 0)"),86.0) -> 86 | H79: =IF(G79<=VLOOKUP(D79, Interview_Slots!$A$2:$B$5, 2, FALSE), "Allocated", "Not Allocated") -> Not Allocated
A80: S079 | B80: Anup Shetty | C80: Computer Science | D80: Company C | E80: 77.1 | F80: Eligible | G80: =IFERROR(__xludf.DUMMYFUNCTION("RANK(E80, FILTER($E$2:$E1000, $D$2:$D1000=D80), 0)"),66.0) -> 66 | H80: =IF(G80<=VLOOKUP(D80, Interview_Slots!$A$2:$B$5, 2, FALSE), "Allocated", "Not Allocated") -> Allocated
A81: S080 | B81: Pritam Rao | C81: Computer Science | D81: Company B | E81: 74.35 | F81: Eligible | G81: =IFERROR(__xludf.DUMMYFUNCTION("RANK(E81, FILTER($E$2:$E1000, $D$2:$D1000=D81), 0)"),79.0) -> 79 | H81: =IF(G81<=VLOOKUP(D81, Interview_Slots!$A$2:$B$5, 2, FALSE), "Allocated", "Not Allocated") -> Not Allocated
A82: S081 | B82: Ramesh Patel | C82: Computer Science | D82: Company B | E82: 64.85 | F82: Not Eligible | G82: =IFERROR(__xludf.DUMMYFUNCTION("RANK(E82, FILTER($E$2:$E1000, $D$2:$D1000=D82), 0)"),127.0) -> 127 | H82: =IF(G82<=VLOOKUP(D82, Interview_Slots!$A$2:$B$5, 2, FALSE), "Allocated", "Not Allocated") -> Not Allocated
A83: S082 | B83: Dinesh Kulkarni | C83: Computer Science | D83: Company B | E83: 82 | F83: Eligible | G83: =IFERROR(__xludf.DUMMYFUNCTION("RANK(E83, FILTER($E$2:$E1000, $D$2:$D1000=D83), 0)"),30.0) -> 30 | H83: =IF(G83<=VLOOKUP(D83, Interview_Slots!$A$2:$B$5, 2, FALSE), "Allocated", "Not Allocated") -> Allocated
A84: S083 | B84: Omkar Gupta | C84: Electronics | D84: Company D | E84: 67.2 | F84: Not Eligible | G84: =IFERROR(__xludf.DUMMYFUNCTION("RANK(E84, FILTER($E$2:$E1000, $D$2:$D1000=D84), 0)"),104.0) -> 104 | H84: =IF(G84<=VLOOKUP(D84, Interview_Slots!$A$2:$B$5, 2, FALSE), "Allocated", "Not Allocated") -> Not Allocated
A85: S084 | B85: Yogesh Nair | C85: Electronics | D85: Company D | E85: 83.05 | F85: Eligible | G85: =IFERROR(__xludf.DUMMYFUNCTION("RANK(E85, FILTER($E$2:$E1000, $D$2:$D1000=D85), 0)"),32.0) -> 32 | H85: =IF(G85<=VLOOKUP(D85, Interview_Slots!$A$2:$B$5, 2, FALSE), "Allocated", "Not Allocated") -> Not Allocated
A86: S085 | B86: Aarti Sharma | C86: Electronics | D86: Company D | E86: 72.45 | F86: Not Eligible | G86: =IFERROR(__xludf.DUMMYFUNCTION("RANK(E86, FILTER($E$2:$E1000, $D$2:$D1000=D86), 0)"),83.0) -> 83 | H86: =IF(G86<=VLOOKUP(D86, Interview_Slots!$A$2:$B$5, 2, FALSE), "Allocated", "Not Allocated") -> Not Allocated
A87: S086 | B87: Jyoti Mehta | C87: Electronics | D87: Company C | E87: 71.35 | F87: Eligible | G87: =IFERROR(__xludf.DUMMYFUNCTION("RANK(E87, FILTER($E$2:$E1000, $D$2:$D1000=D87), 0)"),91.0) -> 91 | H87: =IF(G87<=VLOOKUP(D87, Interview_Slots!$A$2:$B$5, 2, FALSE), "Allocated", "Not Allocated") -> Not Allocated
A88: S087 | B88: Pallavi Reddy | C88: Mechanical | D88: Company A | E88: 68.05 | F88: Eligible | G88: =IFERROR(__xludf.DUMMYFUNCTION("RANK(E88, FILTER($E$2:$E1000, $D$2:$D1000=D88), 0)"),95.0) -> 95 | H88: =IF(G88<=VLOOKUP(D88, Interview_Slots!$A$2:$B$5, 2, FALSE), "Allocated", "Not Allocated") -> Not Allocated
A89: S088 | B89: Rekha Iyer | C89: Mechanical | D89: Company C | E89: 77.2 | F89: Eligible | G89: =IFERROR(__xludf.DUMMYFUNCTION("RANK(E89, FILTER($E$2:$E1000, $D$2:$D1000=D89), 0)"),65.0) -> 65 | H89: =IF(G89<=VLOOKUP(D89, Interview_Slots!$A$2:$B$5, 2, FALSE), "Allocated", "Not Allocated") -> Allocated
A90: S089 | B90: Snehal Menon | C90: Mechanical | D90: Company B | E90: 90.85 | F90: Eligible | G90: =IFERROR(__xludf.DUMMYFUNCTION("RANK(E90, FILTER($E$2:$E1000, $D$2:$D1000=D90), 0)"),6.0) -> 6 | H90: =IF(G90<=VLOOKUP(D90, Interview_Slots!$A$2:$B$5, 2, FALSE), "Allocated", "Not Allocated") -> Allocated
A91: S090 | B91: Swati Kapoor | C91: Mechanical | D91: Company A | E91: 72.9 | F91: Eligible | G91: =IFERROR(__xludf.DUMMYFUNCTION("RANK(E91, FILTER($E$2:$E1000, $D$2:$D1000=D91), 0)"),71.0) -> 71 | H91: =IF(G91<=VLOOKUP(D91, Interview_Slots!$A$2:$B$5, 2, FALSE), "Allocated", "Not Allocated") -> Not Allocated
A92: S091 | B92: Vandana Nair | C92: Civil | D92: Company A | E92: 73.75 | F92: Eligible | G92: =IFERROR(__xludf.DUMMYFUNCTION("RANK(E92, FILTER($E$2:$E1000, $D$2:$D1000=D92), 0)"),67.0) -> 67 | H92: =IF(G92<=VLOOKUP(D92, Interview_Slots!$A$2:$B$5, 2, FALSE), "Allocated", "Not Allocated") -> Not Allocated
A93: S092 | B93: Leela Singh | C93: Civil | D93: Company C | E93: 76.15 | F93: Eligible | G93: =IFERROR(__xludf.DUMMYFUNCTION("RANK(E93, FILTER($E$2:$E1000, $D$2:$D1000=D93), 0)"),73.0) -> 73 | H93: =IF(G93<=VLOOKUP(D93, Interview_Slots!$A$2:$B$5, 2, FALSE), "Allocated", "Not Allocated") -> Allocated
A94: S093 | B94: Bhavna Bhatia | C94: Civil | D94: Company B | E94: 61.75 | F94: Not Eligible | G94: =IFERROR(__xludf.DUMMYFUNCTION("RANK(E94, FILTER($E$2:$E1000, $D$2:$D1000=D94), 0)"),135.0) -> 135 | H94: =IF(G94<=VLOOKUP(D94, Interview_Slots!$A$2:$B$5, 2, FALSE), "Allocated", "Not Allocated") -> Not Allocated
A95: S094 | B95: Kusum Choudhury | C95: Computer Science | D95: Company A | E95: 72.8 | F95: Eligible | G95: =IFERROR(__xludf.DUMMYFUNCTION("RANK(E95, FILTER($E$2:$E1000, $D$2:$D1000=D95), 0)"),73.0) -> 73 | H95: =IF(G95<=VLOOKUP(D95, Interview_Slots!$A$2:$B$5, 2, FALSE), "Allocated", "Not Allocated") -> Not Allocated
A96: S095 | B96: Roshni Joshi | C96: Computer Science | D96: Company B | E96: 81.2 | F96: Eligible | G96: =IFERROR(__xludf.DUMMYFUNCTION("RANK(E96, FILTER($E$2:$E1000, $D$2:$D1000=D96), 0)"),35.0) -> 35 | H96: =IF(G96<=VLOOKUP(D96, Interview_Slots!$A$2:$B$5, 2, FALSE), "Allocated", "Not Allocated") -> Allocated
A97: S096 | B97: Madhuri Malhotra | C97: Computer Science | D97: Company D | E97: 83.1 | F97: Not Eligible | G97: =IFERROR(__xludf.DUMMYFUNCTION("RANK(E97, FILTER($E$2:$E1000, $D$2:$D1000=D97), 0)"),31.0) -> 31 | H97: =IF(G97<=VLOOKUP(D97, Interview_Slots!$A$2:$B$5, 2, FALSE), "Allocated", "Not Allocated") -> Not Allocated
A98: S097 | B98: Kiran Verma | C98: Computer Science | D98: Company D | E98: 81.3 | F98: Not Eligible | G98: =IFERROR(__xludf.DUMMYFUNCTION("RANK(E98, FILTER($E$2:$E1000, $D$2:$D1000=D98), 0)"),41.0) -> 41 | H98: =IF(G98<=VLOOKUP(D98, Interview_Slots!$A$2:$B$5, 2, FALSE), "Allocated", "Not Allocated") -> Not Allocated
A99: S098 | B99: Sarita Das | C99: Electronics | D99: Company B | E99: 90.65 | F99: Eligible | G99: =IFERROR(__xludf.DUMMYFUNCTION("RANK(E99, FILTER($E$2:$E1000, $D$2:$D1000=D99), 0)"),8.0) -> 8 | H99: =IF(G99<=VLOOKUP(D99, Interview_Slots!$A$2:$B$5, 2, FALSE), "Allocated", "Not Allocated") -> Allocated
A100: S099 | B100: Anushka Shetty | C100: Electronics | D100: Company B | E100: 73.9 | F100: Not Eligible | G100: =IFERROR(__xludf.DUMMYFUNCTION("RANK(E100, FILTER($E$2:$E1000, $D$2:$D1000=D100), 0)"),81.0) -> 81 | H100: =IF(G100<=VLOOKUP(D100, Interview_Slots!$A$2:$B$5, 2, FALSE), "Allocated", "Not Allocated") -> Not Allocated
...

Sheet Pivot Table 1

Sheet Dashboard

Sheet Dept_Lookup
A1: Variant | B1: Standard_Department
A2: CSE | B2: Computer Science
A3: Comp Sci | B3: Computer Science
A4: CS | B4: Computer Science
A5: Computer Science | B5: Computer Science
A6: ECE | B6: Electronics
A7: Electro | B7: Electronics
A8: ELEC | B8: Electronics
A9: Electronics | B9: Electronics
A10: Mech | B10: Mechanical
A11: ME | B11: Mechanical
A12: Mechanical Engg | B12: Mechanical
... A17: Civil | B17: Civil

Sheet Interview_Slots
A1: Company | B1: Interview_Slots_Available | C1: Min_WeightedScore | D1: Min_Attendance_%
A2: Company A | B2: 60 | C2: 65 | D2: 75
A3: Company B | B3: 45 | C3: 70 | D3: 80
A4: Company C | B4: 80 | C4: 60 | D4: 70
A5: Company D | B5: 30 | C5: 75 | D5: 85

Sheet Scoring_Weights
A1: Test | B1: Weight
A2: Test_1 | B2: 0.15
A3: Test_2 | B3: 0.35
A4: Test_3 | B4: 0.5
